Model,Accuracy,Classification Report
Decision Tree,0.9083333333333333,"{'0': {'precision': 0.875, 'recall': 0.8924731182795699, 'f1-score': 0.8836501901140683, 'support': 651.0}, '1': {'precision': 0.8959627329192547, 'recall': 0.8918083462132921, 'f1-score': 0.8938807126258713, 'support': 647.0}, '2': {'precision': 0.9283707865168539, 'recall': 0.9429386590584878, 'f1-score': 0.9355980184005662, 'support': 701.0}, '3': {'precision': 0.9338709677419355, 'recall': 0.9032761310452418, 'f1-score': 0.9183187946074542, 'support': 641.0}, 'accuracy': 0.9083333333333333, 'macro avg': {'precision': 0.908301121794511, 'recall': 0.9076240636491478, 'f1-score': 0.90786192893699, 'support': 2640.0}, 'weighted avg': {'precision': 0.9086030681324444, 'recall': 0.9083333333333333, 'f1-score': 0.9083688079830956, 'support': 2640.0}}"
