Model,Accuracy,Classification Report
Decision Tree,0.9083333333333333,"{'0': {'precision': 0.875, 'recall': 0.8924731182795699, 'f1-score': 0.8836501901140683, 'support': 651.0}, '1': {'precision': 0.8959627329192547, 'recall': 0.8918083462132921, 'f1-score': 0.8938807126258713, 'support': 647.0}, '2': {'precision': 0.9283707865168539, 'recall': 0.9429386590584878, 'f1-score': 0.9355980184005662, 'support': 701.0}, '3': {'precision': 0.9338709677419355, 'recall': 0.9032761310452418, 'f1-score': 0.9183187946074542, 'support': 641.0}, 'accuracy': 0.9083333333333333, 'macro avg': {'precision': 0.908301121794511, 'recall': 0.9076240636491478, 'f1-score': 0.90786192893699, 'support': 2640.0}, 'weighted avg': {'precision': 0.9086030681324444, 'recall': 0.9083333333333333, 'f1-score': 0.9083688079830956, 'support': 2640.0}}"
Random Forest,0.9162878787878788,"{'0': {'precision': 0.8796992481203008, 'recall': 0.8986175115207373, 'f1-score': 0.8890577507598785, 'support': 651.0}, '1': {'precision': 0.9178294573643411, 'recall': 0.9149922720247295, 'f1-score': 0.9164086687306502, 'support': 647.0}, '2': {'precision': 0.9297752808988764, 'recall': 0.9443651925820257, 'f1-score': 0.9370134465675867, 'support': 701.0}, '3': {'precision': 0.9385113268608414, 'recall': 0.9048361934477379, 'f1-score': 0.9213661636219221, 'support': 641.0}, 'accuracy': 0.9162878787878788, 'macro avg': {'precision': 0.9164538283110899, 'recall': 0.9157027923938076, 'f1-score': 0.9159615074200094, 'support': 2640.0}, 'weighted avg': {'precision': 0.9166204931321805, 'recall': 0.9162878787878788, 'f1-score': 0.9163390686889931, 'support': 2640.0}}"
SVM,0.9068181818181819,"{'0': {'precision': 0.8744326777609682, 'recall': 0.8878648233486943, 'f1-score': 0.8810975609756098, 'support': 651.0}, '1': {'precision': 0.8955453149001537, 'recall': 0.9010819165378671, 'f1-score': 0.8983050847457628, 'support': 647.0}, '2': {'precision': 0.944206008583691, 'recall': 0.9415121255349501, 'f1-score': 0.942857142857143, 'support': 701.0}, '3': {'precision': 0.9109697933227345, 'recall': 0.8939157566302652, 'f1-score': 0.9023622047244095, 'support': 641.0}, 'accuracy': 0.9068181818181819, 'macro avg': {'precision': 0.9062884486418867, 'recall': 0.9060936555129443, 'f1-score': 0.9061554983257313, 'support': 2640.0}, 'weighted avg': {'precision': 0.9070051293559962, 'recall': 0.9068181818181819, 'f1-score': 0.9068768683321342, 'support': 2640.0}}"
